username,created_at,text,retweets,likes
kompascom,2024-12-28 07:36:09+00:00,"Akademisi yang juga tergabung Gerakan Nurani Bangsa (GNB), Komaruddin Hidayat menilai pemerintah perlu memikirkan momentum yang tepat untuk menaikkan pajak pertambahan nilai (PPN) menjadi 12 persen. //MN

#GNB #PPN

https://t.co/dhecVwJ9QT",3,4
emaknyethembon,2024-12-28 07:36:08+00:00,"RT @neVerAl0nely: Demonstrasi BEM-SI Tolak PPN 12 persen 27.12.24

Mahasiswa msh bertahan di lokasi hingga mlm ini 
Ada beberapa mahasiswaâ€¦",601,0
Par_Kid,2024-12-28 07:36:08+00:00,"RT @ramuneinabottle: Kalau sesuatu yang tidak kena PPN 12% dikatakan kabar gembira sama salah satu instansi negara, berarti negara sendiriâ€¦",10835,0
Viechar_Zoel,2024-12-28 07:36:07+00:00,"PPN 12% rilis 1 Januari 2025, parkir terminal Pulo Gebang udeh naik.",0,0
Lesta_hnd,2024-12-28 07:36:07+00:00,"RT @virdianaurellio: â€œDemokrasi aman kok buktinya kalian boleh aksiâ€

Iya tapi diintimidasi pake mobil direktorat tahanan dan diparkir depaâ€¦",7638,0
Ahmadrifki74,2024-12-28 07:36:07+00:00,"tetap solid, Polri! Kalian hebat! ğŸ’™https://t.co/zja9I8viIr",0,1
Marliana_vtsr,2024-12-28 07:36:07+00:00,"RT @amzarul: Kesian rakyat Indonesia dibodohkan oleh pemerintah mereka. Rakyat miskin dikenakan PPN 12% meskipun hidup melarat. 

Belajarlaâ€¦",9,0
_citcitcuit_,2024-12-28 07:36:03+00:00,"@arigmpt @keretaapikita Ga pake ppn 12% juga udh mahal banget gilak, eksekutif minimal setengah juta... SETENGAH JUTA! ğŸ˜­",0,0
Hendria43967683,2024-12-28 07:36:00+00:00,"RT @PngAdilnR4kyt: MAHASISWA KEMBALI TURUN KEJALAN TOLAK KENAIKAN PPN 12 PERSEN....

BEM SI KERAKYATAN TOLAK PPN 12 % UNJUK RASA DI PATUNGâ€¦",262,0
allaboutndiie,2024-12-28 07:35:59+00:00,"RT @keretaapikita: Kabar Gembira! Tiket kereta tidak dikenakanPPN 12%

Gaes! Tiket kereta api nggak dikenakan PPN 12% ya. Jadi, perjalananâ€¦",1223,0
javel1ne,2024-12-28 07:35:57+00:00,"RT @ramuneinabottle: Kalau sesuatu yang tidak kena PPN 12% dikatakan kabar gembira sama salah satu instansi negara, berarti negara sendiriâ€¦",10835,0
alfanpesek,2024-12-28 07:35:57+00:00,"Demi menciptakan ppn berkeadilan, PPN 12% diperuntukkan bagi org2 yg super kaya. bisa menjadi batu loncatan membangun infrastruktur pendidikan &amp; kesehatan yg memadai. #PPNGotongRoyong https://t.co/xIhgjqNUux",0,0
fblaksamana,2024-12-28 07:35:56+00:00,"RT @ronaldy596: Demo Tolak Kenaikan PPN 12%,
Meski dipukul mundur sekalipun,
AdekÂ² Mahasiswa ini Akan tetap bertahan !
Kata Mahasiswa,
Pemeâ€¦",7941,0
rifarahmaliaa,2024-12-28 07:35:56+00:00,"RT @virdianaurellio: â€œDemokrasi aman kok buktinya kalian boleh aksiâ€

Iya tapi diintimidasi pake mobil direktorat tahanan dan diparkir depaâ€¦",7638,0
itaaxy2,2024-12-28 07:35:54+00:00,"RT @V3g3L: Mahasiswa Terluka Saat Polisi Bubarkan Demo Tolak PPN 12 Persen, Mengaku Kena Pentungan. apakah penanganan demo harus selalu anaâ€¦",1734,0
arieanand001,2024-12-28 07:35:53+00:00,"RT @PelatihT1dur: Polisi Tembakkan Water Cannon untuk Bubarkan Demo Mahasiswa Tolak PPN 12 Persen di Patung Kuda

#TolakPPN12Persen 

 httpâ€¦",165,0
virdhiard,2024-12-28 07:35:53+00:00,"RT @patragumala: Info A1 katanya pajak tuh naik gara2 Pak @aniesbaswedan 

Lengkapnya hari selasa 31 Desember tayang di youtubenya Podcastâ€¦",475,0
andi_achilles,2024-12-28 07:35:48+00:00,RT @widunuk: @TOPsstt @newIding30 @RPrima789 @RosaNegra008 @LauraMi25356713 @B_Ali11 @X_Rpri @adriana_opik @Qs3482 @Q20GG_ @r95731 @anaesteâ€¦,4,0
univindss,2024-12-28 07:35:48+00:00,"RT @kompascom: Mahasiswa Terluka Saat Polisi Bubarkan Demo Tolak PPN 12 Persen, Mengaku Kena Pentungan | #Demo #Mahasiswa #Polisi #PPN12Perâ€¦",2195,0
ssfrieren,2024-12-28 07:35:47+00:00,"Gak siap 2025 soalnya semua kena ppn 12%. Nanti aku gak bisa mam ramen, sushi, udon lagi dong? ğŸ’”.",0,0
arip_maulana_,2024-12-28 07:35:46+00:00,"RT @koganenohikari: ini juga misleading, beras yg ga kena kenaikan PPn 12% itu cuma BERAS BULOG.

berani makan beras Bulog full sebulan? orâ€¦",5024,0
aftajunya88,2024-12-28 07:35:46+00:00,"RT @NenkMonica: GAK TAYANG DI TV 
BEM SI Kerakyatan menggelar aksi unjuk rasa di Patung Kuda, Jakarta Pusat. Massa aksi menolak kenaikan PPâ€¦",3557,0
tali_buras,2024-12-28 07:35:44+00:00,"RT @ronaldy596: Anaknya dikasih makan Siang gratis,
Tapi bisaÂ² Malamnya tidak bisa Makan,
Akibat Duit Orang tuanya terkuras kena Pajak kenaâ€¦",1354,0
lifeisokacauw,2024-12-28 07:35:44+00:00,"RT @koganenohikari: ini juga misleading, beras yg ga kena kenaikan PPn 12% itu cuma BERAS BULOG.

berani makan beras Bulog full sebulan? orâ€¦",5024,0
faturrizqyam,2024-12-28 07:35:44+00:00,"RT @ronaldy596: Demo Tolak Kenaikan PPN 12%,
Meski dipukul mundur sekalipun,
AdekÂ² Mahasiswa ini Akan tetap bertahan !
Kata Mahasiswa,
Pemeâ€¦",7941,0
abah_iman_,2024-12-28 07:35:41+00:00,RT @OposisiCerdas: 'Utangmu Urusanmu!' Poster Demo BEM SI Sindir Sri Mulyani Soal PPN 12 Persen https://t.co/2xao7wpUi8,192,0
aaaisssiaaa,2024-12-28 07:35:38+00:00,"RT @DitjenPajakRI: #KawanPajak, tahukah bahwa dengan pengukuhan Pengusaha Kena Pajak (PKP) dan mekanisme Pajak Keluaran dan Pajak Masukan (â€¦",863,0
mhndrapngstu23,2024-12-28 07:35:36+00:00,"RT @DitjenPajakRI: #KawanPajak, tahukah bahwa dengan pengukuhan Pengusaha Kena Pajak (PKP) dan mekanisme Pajak Keluaran dan Pajak Masukan (â€¦",863,0
azl1288240,2024-12-28 07:35:31+00:00,"RT @akuntwiter968: Demo mahasiswa malam ini menolak kenaikan PPN 12% dibubarkan polisi.

Adek2 mahasiswa terus suarakan penolakan kenaikanâ€¦",2235,0
jakarta27city,2024-12-28 07:35:28+00:00,"RT @ArdieSuhardi321: UNJUK RASA BEM SI KERAKYATAN TOLAK PPN 12 PERSEN...

MENDESAK PRESIDEN PRABOWO MENGELUARKAN PERPPU PEMBATALAN KENAIKANâ€¦",49,0
SaptoHape,2024-12-28 07:35:28+00:00,@officialinews_ Dan PPN 12% melenggang aman..,0,0
hilmy_nh,2024-12-28 07:35:28+00:00,"RT @ramuneinabottle: Kalau sesuatu yang tidak kena PPN 12% dikatakan kabar gembira sama salah satu instansi negara, berarti negara sendiriâ€¦",10835,0
sambatmulu2021,2024-12-28 07:35:27+00:00,"RT @barengwarga: 3 hari lagi menuju kenaikan PPN ke 12%
3 hari lagi menuju kenaikan PPN ke 12%
3 hari lagi menuju kenaikan PPN ke 12%",2875,0
azl1288240,2024-12-28 07:35:26+00:00,"RT @NenkMonica: GAK TAYANG DI TV 
BEM SI Kerakyatan menggelar aksi unjuk rasa di Patung Kuda, Jakarta Pusat. Massa aksi menolak kenaikan PPâ€¦",3557,0
alfanpesek,2024-12-28 07:35:26+00:00,Kita positif thinking aja kenaikan tarif 12% ppn bro. Smg dpt mewujud dlm bentuk pemerataan fasilitas umum antar kota #PPNGotongRoyong https://t.co/aXTvAWj84m,0,0
taro_oreo_,2024-12-28 07:35:23+00:00,"RT @ronaldy596: Demo Tolak Kenaikan PPN 12%,
Meski dipukul mundur sekalipun,
AdekÂ² Mahasiswa ini Akan tetap bertahan !
Kata Mahasiswa,
Pemeâ€¦",7941,0
nadrayanti,2024-12-28 07:35:22+00:00,"RT @liaasister: Kemarin dan hari ini mahasiswa mengadakan aksi Tolak kenaikan PPN di Jakarta . 
Tapi kemarin mereka mendapatkan perlakuan yâ€¦",404,0
Resurrection_fm,2024-12-28 07:35:22+00:00,"RT @patragumala: Info A1 katanya pajak tuh naik gara2 Pak @aniesbaswedan 

Lengkapnya hari selasa 31 Desember tayang di youtubenya Podcastâ€¦",475,0
irianto_eluay,2024-12-28 07:35:20+00:00,"RT @KompasTV: Demo Mahasiswa Tolak PPN Naik Jadi 12 Persen, Tuntut Presiden Prabowo Keluarkan Perppu Pembatalan

https://t.co/95FlSmgZ1U",245,0
curongtamanan,2024-12-28 07:35:20+00:00,"RT @kompascom: Mahasiswa Terluka Saat Polisi Bubarkan Demo Tolak PPN 12 Persen, Mengaku Kena Pentungan | #Demo #Mahasiswa #Polisi #PPN12Perâ€¦",2195,0
TrisiyoWong,2024-12-28 07:35:20+00:00,"RT @ike_hw71: Alhamdulillah akhirnya mahasiswa bergerak dan beraksi MENOLAK PENETAPAN PPN 12%

Rakyat Bersatu Tak Bisa Dikalahkan... !

#Toâ€¦",147,0
leekno_oww,2024-12-28 07:35:19+00:00,"RT @ramuneinabottle: Kalau sesuatu yang tidak kena PPN 12% dikatakan kabar gembira sama salah satu instansi negara, berarti negara sendiriâ€¦",10835,0
imhoyourehot,2024-12-28 07:35:18+00:00,RT @Susustroberri: pajak naikâ€¦ msib ga bukaâ€¦ udah ancurin aja negara ini pantek.,3570,0
DinDan847754553,2024-12-28 07:35:17+00:00,RT @barengwarga: Mahasiswa Tiarap Menolak PPN 12%: Simbolisasi Kekhawatiran Ekonomi Masyarakat yang akan tiarap jika PPN Naik. #TolakPPN12Pâ€¦,5553,0
nurshanti_kamal,2024-12-28 07:35:16+00:00,"RT @ArdieSuhardi321: UNJUK RASA BEM SI KERAKYATAN TOLAK PPN 12 PERSEN...

MENDESAK PRESIDEN PRABOWO MENGELUARKAN PERPPU PEMBATALAN KENAIKANâ€¦",49,0
jhonnyparlin,2024-12-28 07:35:15+00:00,"RT @BebySoSweet: Demo mahasiswa di patung kuda berakhir ricuh.
Polisi masih aja bertindak anarkis ke pendemo. Padahal mereka berdemo untukâ€¦",739,0
txtdarirnd,2024-12-28 07:35:13+00:00,"RT @ramuneinabottle: Kalau sesuatu yang tidak kena PPN 12% dikatakan kabar gembira sama salah satu instansi negara, berarti negara sendiriâ€¦",10835,0
alfanpesek,2024-12-28 07:35:11+00:00,Kita positif thinking aja kenaikan tarif 12% ppn bro. Dan dipastikan QRIS tidak kena PPN #PPNGotongRoyong https://t.co/UGbKqtep7d,0,0
MokyklaPradines,2024-12-28 07:35:11+00:00,"RT @akuntwiter968: Demo mahasiswa malam ini menolak kenaikan PPN 12% dibubarkan polisi.

Adek2 mahasiswa terus suarakan penolakan kenaikanâ€¦",2235,0
dihLucuKaliLo,2024-12-28 07:35:09+00:00,"RT @NenkMonica: BREAKING NEWS 
Mahasiswa masih bertahan di Jalan Medan Merdeka Barat utk Aksi Penolakan PPN 12%.",591,0
nanaszcx,2024-12-28 07:35:06+00:00,"RT @ramuneinabottle: Kalau sesuatu yang tidak kena PPN 12% dikatakan kabar gembira sama salah satu instansi negara, berarti negara sendiriâ€¦",10835,0
gurutua7,2024-12-28 07:35:04+00:00,"RT @ThatSun510: Tanpa PPN naik, DAYA BELI MASYARAKAT SUDAH AMBRUK. 
Pemerintah masih gaya2an sumbang sana sini dgn alasan persiapan pandemiâ€¦",14,0
Hendria43967683,2024-12-28 07:35:03+00:00,"RT @secr3thm4nz56: DEMO MAHASISWA TOLAK PPN 12 PERSEN....

BEM SI KERAKYATAN MENGGELAR DEMO DI DEPAN PATUNG KUDA TOLAK KENSIKAN PPN 12 PERSâ€¦",343,0
FooKinHeeL,2024-12-28 07:35:02+00:00,"RT @virdianaurellio: â€œDemokrasi aman kok buktinya kalian boleh aksiâ€

Iya tapi diintimidasi pake mobil direktorat tahanan dan diparkir depaâ€¦",7638,0
justmamay24,2024-12-28 07:35:02+00:00,"RT @akuntwiter968: Demo mahasiswa malam ini menolak kenaikan PPN 12% dibubarkan polisi.

Adek2 mahasiswa terus suarakan penolakan kenaikanâ€¦",2235,0
woda_johan,2024-12-28 07:35:01+00:00,"RT @_riverheaven: PAJAK DINAIKKAN
KORUPTOR DIMAAFKAN

Mana pak Presiden @prabowo ? Harusnya bapak mendengar aspirasi rakyat. Kenaikan PPN 1â€¦",38,0
rebeccafredlina,2024-12-28 07:35:00+00:00,"RT @akuntwiter968: Demo mahasiswa malam ini menolak kenaikan PPN 12% dibubarkan polisi.

Adek2 mahasiswa terus suarakan penolakan kenaikanâ€¦",2235,0
zizaaazi,2024-12-28 07:34:59+00:00,"RT @barengwarga: 3 hari lagi menuju kenaikan PPN ke 12%
3 hari lagi menuju kenaikan PPN ke 12%
3 hari lagi menuju kenaikan PPN ke 12%",2875,0
mhndrapngstu23,2024-12-28 07:34:49+00:00,"RT @ronaldy596: Demo Tolak Kenaikan PPN 12%,
Meski dipukul mundur sekalipun,
AdekÂ² Mahasiswa ini Akan tetap bertahan !
Kata Mahasiswa,
Pemeâ€¦",7941,0
SangPejuank,2024-12-28 07:34:47+00:00,"RT @KangManto123: Omon omon lagi
Cak Duren : Tak ada bansos untuk masyarakat terdampak kenaikan PPN 12%.

PPN 12% itu idenya si Mul, diekseâ€¦",66,0
landayo2445,2024-12-28 07:34:45+00:00,"RT @ronaldy596: Anaknya dikasih makan Siang gratis,
Tapi bisaÂ² Malamnya tidak bisa Makan,
Akibat Duit Orang tuanya terkuras kena Pajak kenaâ€¦",1354,0
tataenggooo,2024-12-28 07:34:45+00:00,"Hari ini main ke toko mama, sales sales yg dateng semuanya pada bilang ""bu januari barang naik yaa, kena pajak 12%"".",0,0
Kisworo17105631,2024-12-28 07:34:45+00:00,"RT @ronaldy596: Anaknya dikasih makan Siang gratis,
Tapi bisaÂ² Malamnya tidak bisa Makan,
Akibat Duit Orang tuanya terkuras kena Pajak kenaâ€¦",1354,0
retamanaka,2024-12-28 07:34:41+00:00,"RT @ronaldy596: Demo Tolak Kenaikan PPN 12%,
Meski dipukul mundur sekalipun,
AdekÂ² Mahasiswa ini Akan tetap bertahan !
Kata Mahasiswa,
Pemeâ€¦",7941,0
dilangitnubiru,2024-12-28 07:34:40+00:00,"RT @akuntwiter968: Demo mahasiswa malam ini menolak kenaikan PPN 12% dibubarkan polisi.

Adek2 mahasiswa terus suarakan penolakan kenaikanâ€¦",2235,0
louvrelouz,2024-12-28 07:34:35+00:00,yaiyala org miskin kl kena ppn 12% gabakal jatoh miskin org udh miskin tolol,0,0
landayo2445,2024-12-28 07:34:34+00:00,"RT @V3g3L: Mahasiswa Terluka Saat Polisi Bubarkan Demo Tolak PPN 12 Persen, Mengaku Kena Pentungan. apakah penanganan demo harus selalu anaâ€¦",1734,0
rezatrip_,2024-12-28 07:34:33+00:00,RT @JurnalAkuntansi: Sebenarnya dah cape jelasin efek PPN 12%. Tapi ada yg ngotot kenaikan PPN hanya 1% karena ada faktur pajak masukan (FPâ€¦,375,0
universchan,2024-12-28 07:34:33+00:00,RT @AnKiiim_: Seorang mahasiswa mengalami luka dibagian kepala saat aksi demo tolak PPN 12 % hari ini .. https://t.co/UYI5heHBgO,3095,0
rafiqi_28,2024-12-28 07:34:29+00:00,"RT @patragumala: Info A1 katanya pajak tuh naik gara2 Pak @aniesbaswedan 

Lengkapnya hari selasa 31 Desember tayang di youtubenya Podcastâ€¦",475,0
mwanraa,2024-12-28 07:34:28+00:00,"RT @kompascom: Mahasiswa Terluka Saat Polisi Bubarkan Demo Tolak PPN 12 Persen, Mengaku Kena Pentungan | #Demo #Mahasiswa #Polisi #PPN12Perâ€¦",2195,0
dukunmangbes,2024-12-28 07:34:25+00:00,"RT @ramuneinabottle: Kalau sesuatu yang tidak kena PPN 12% dikatakan kabar gembira sama salah satu instansi negara, berarti negara sendiriâ€¦",10835,0
thisisima26,2024-12-28 07:34:24+00:00,RT @howtodresvvell: gweh animal communicator trus kata bobby batalkan ppn 12%,6206,0
trwrdi,2024-12-28 07:34:23+00:00,"RT @convomf: gen ask, no salty pls, kan ppÅ„ 12% dah dijelasin di uu thn 2021, terus knp org"" marah ama presidÃ¨n yg skrg? apa krn 'keberlanjâ€¦",1341,0
IsmanHiro,2024-12-28 07:34:22+00:00,"@txtdrdigital @DitjenPajakRI Wkwkwk, mari beriklaaan kena pajak 12% , shopee tiktok berlaku 1 januari dah naik dr 11 ke 12",0,0
telotapak,2024-12-28 07:34:21+00:00,"RT @ramuneinabottle: Kalau sesuatu yang tidak kena PPN 12% dikatakan kabar gembira sama salah satu instansi negara, berarti negara sendiriâ€¦",10835,0
Fadianadewik,2024-12-28 07:34:21+00:00,bangga punya polisi seberani kalian! ğŸ‡®ğŸ‡© https://t.co/eKY2hCUuZU,0,0
LSoepandi,2024-12-28 07:34:18+00:00,"RT @Jumianto_RK: Setelah dipalakin pajak PPN 12%, rakyat masih digebukin pakai asuransi. 

Ekonomi meroket ndasmu ğŸ˜… https://t.co/K7Rau9McnL",445,0
tototiti_,2024-12-28 07:34:16+00:00,RT @barengwarga: Aksi Tolak Kenaikan PPN sore ini oleh BEM SI di Istana Negara. âœŠ #TolakPPN12Persen https://t.co/hUtztZcbl5,7183,0
H4Hbingung,2024-12-28 07:34:15+00:00,RT @howtodresvvell: gweh animal communicator trus kata bobby batalkan ppn 12%,6206,0
fvcktraitor,2024-12-28 07:34:13+00:00,"RT @ronaldy596: Demo Tolak Kenaikan PPN 12%,
Meski dipukul mundur sekalipun,
AdekÂ² Mahasiswa ini Akan tetap bertahan !
Kata Mahasiswa,
Pemeâ€¦",7941,0
Chio1634875,2024-12-28 07:34:12+00:00,"RT @ronaldy596: Anaknya dikasih makan Siang gratis,
Tapi bisaÂ² Malamnya tidak bisa Makan,
Akibat Duit Orang tuanya terkuras kena Pajak kenaâ€¦",1354,0
hengkyPudyo,2024-12-28 07:34:11+00:00,"RT @PngAdilnR4kyt: OMONG KOSONG...

KITA SEMUA HARUS TOLAK KENAIKAN PPN 12 PERSEN....

BELUM JUGA DIBERLAKUKAN PPN 12 %, SEJUMLAH BAHAN MAKâ€¦",131,0
60far60pay,2024-12-28 07:34:09+00:00,"RT @xquitavee: Nah ini kerjaan bajer2 koplak lobet selalu menebar ketakutan n kesalah fahaman pd pemerintahan prabowo ğŸ§

Ppn 12% yg di setuâ€¦",50,0
BotakCastello2,2024-12-28 07:34:00+00:00,"RT @allawi_much: @ARSIPAJA Coba renungkan detik ke 19-21
Dia bilang gantian aku yg bayar pajak.

Dia ini gak bisa bedain PPN dan PPh apa?
Pâ€¦",41,0
OuJinnie,2024-12-28 07:34:00+00:00,RT @barengwarga: Mahasiswa Tiarap Menolak PPN 12%: Simbolisasi Kekhawatiran Ekonomi Masyarakat yang akan tiarap jika PPN Naik. #TolakPPN12Pâ€¦,5553,0
nurshanti_kamal,2024-12-28 07:33:59+00:00,"RT @NenkMonica: BREAKING NEWS 
Water Canon sudah disiapkan utk memukul mundur mahasiswa yg masih bertahan di jalan Medan Merdeka Barat utkâ€¦",295,0
buchekborneo22,2024-12-28 07:33:55+00:00,"RT @NenkMonica: GAK TAYANG DI TV 
BEM SI Kerakyatan menggelar aksi unjuk rasa di Patung Kuda, Jakarta Pusat. Massa aksi menolak kenaikan PPâ€¦",3557,0
cicitgyu,2024-12-28 07:33:55+00:00,"RT @koganenohikari: ini juga misleading, beras yg ga kena kenaikan PPn 12% itu cuma BERAS BULOG.

berani makan beras Bulog full sebulan? orâ€¦",5024,0
MalaguenaT24524,2024-12-28 07:33:55+00:00,"RT @BebySoSweet: Semalam....
PEMBUBARAN AKSI DEMO MAHASISWA TOLAK PPN 12%

Semangat saudara2 mahasiswağŸ’ªğŸ’ªğŸ”¥ https://t.co/BqaeHt0IX6",5835,0
_sabtumingyu,2024-12-28 07:33:54+00:00,@chieseok udh dp gedung blm? nanti keburu kena pajak 12%,0,0
ixxnxxs,2024-12-28 07:33:53+00:00,ppn nya 12% https://t.co/J3w9WDWEuE,0,0
iloveseokmae,2024-12-28 07:33:53+00:00,"RT @ronaldy596: Demo Tolak Kenaikan PPN 12%,
Meski dipukul mundur sekalipun,
AdekÂ² Mahasiswa ini Akan tetap bertahan !
Kata Mahasiswa,
Pemeâ€¦",7941,0
wasnotyourpage,2024-12-28 07:33:49+00:00,RT @howtodresvvell: gweh animal communicator trus kata bobby batalkan ppn 12%,6206,0
nurshanti_kamal,2024-12-28 07:33:47+00:00,"RT @barengwarga: 3 hari lagi menuju kenaikan PPN ke 12%
3 hari lagi menuju kenaikan PPN ke 12%
3 hari lagi menuju kenaikan PPN ke 12%",2875,0
borneoetnict,2024-12-28 07:33:43+00:00,"RT @V3g3L: Mahasiswa Terluka Saat Polisi Bubarkan Demo Tolak PPN 12 Persen, Mengaku Kena Pentungan. apakah penanganan demo harus selalu anaâ€¦",1734,0
nisrinarfh,2024-12-28 07:33:42+00:00,RT @howtodresvvell: gweh animal communicator trus kata bobby batalkan ppn 12%,6206,0
gerbangjenis,2024-12-28 07:33:40+00:00,"RT @ramuneinabottle: Kalau sesuatu yang tidak kena PPN 12% dikatakan kabar gembira sama salah satu instansi negara, berarti negara sendiriâ€¦",10835,0
ninemillies,2024-12-28 07:33:40+00:00,RT @howtodresvvell: gweh animal communicator trus kata bobby batalkan ppn 12%,6206,0
trickchii,2024-12-27 07:40:20+00:00,"RT @intinyadeh: #intinyadeh akun WhatsApp inisiator @barengwarga beserta keluarganya dihack.

Diduga gara2 vokal nolak PPN 12%, krn akhir2â€¦",1267,0
brodanialahmad,2024-12-27 07:40:19+00:00,RT @barengwarga: Aksi Tolak Kenaikan PPN sore ini oleh BEM SI di Istana Negara. âœŠ #TolakPPN12Persen https://t.co/hUtztZcbl5,7183,0
seyahls,2024-12-27 07:40:19+00:00,@naelisja 100% betulan. Tanpa dipotong pajak 12%.,0,0
Labakumoro,2024-12-27 07:40:19+00:00,"RT @rahmatsafari93: @Kanseulir Udah ngga bisa ditolong
Tritura Ampera ( Tiga Tuntutan Rakyat dan Amanat  Penderitaan Rakyat )
1. Bubarkan kâ€¦",78,0
menapaklurus,2024-12-27 07:40:16+00:00,"RT @ronaldy596: Apakah Kenaikan PPN sdh melalui Kajian Naskah Akedemik yg Akurat ?
Karna ,
Anak Muda Peneliti Celios ini bilang :
Kok bisa,â€¦",287,0
taesankece,2024-12-27 07:40:14+00:00,"RT @Jea_veel: 3 mei di JIS.
Ticketing 6 sm 7 Januari.
.
.
.
.
dengan ppn 12% aowkaowkaowkaok",553,0
Tristhan77,2024-12-27 07:40:10+00:00,"RT @virdianaurellio: â€œDemokrasi aman kok buktinya kalian boleh aksiâ€

Iya tapi diintimidasi pake mobil direktorat tahanan dan diparkir depaâ€¦",7638,0
ripaaaa__,2024-12-27 07:40:06+00:00,RT @dekhosun: lucu bgt org2 eropa pada marah ğŸ˜­ kita nih konser mulu tapi berkelahi dengan umr 3jt &amp; ppn 12% anjrit ğŸ˜­ kita juga bingung ğŸ˜­,2974,0
Delisa_Lockey,2024-12-27 07:40:04+00:00,"RT @virdianaurellio: â€œDemokrasi aman kok buktinya kalian boleh aksiâ€

Iya tapi diintimidasi pake mobil direktorat tahanan dan diparkir depaâ€¦",7638,0
itszephyrine__,2024-12-27 07:40:03+00:00,"RT @minfaery: demi Tuhan, kalian semua berhak marah atas ppn 12% ini. kalo kalian gak tau, ppn 12% ini naik di seluruh lini. even pasta gigâ€¦",13054,0
tempodotco,2024-12-27 07:40:02+00:00,"Polri Kerahkan 611 Personel untuk Jaga Demo Tolak PPN 12 Persen di Patung Kuda
https://t.co/1WkOII7JMe",2,5
masih_ang,2024-12-27 07:40:02+00:00,"RT @CakKhum: Pajak itu untuk menyejahterakan PEJABAT bukan untuk menyejahterakan Rakyat

Ada nggak pejabat yang rumahnya type 27 atau 36?
Aâ€¦",3783,0
auvyra,2024-12-27 07:40:01+00:00,Yuk deeptalk. Jadi menurut kamu imbas PPN 12% terhadap masyarakat menengah ke bawah tuh apa ajasih? Apa sasaran dana dari Kementerian untuk UMKM sudah tepat dan bisa membantu mereka untuk berkembang? https://t.co/0GHLRMh4Pz,1,0
tokaidirecycle,2024-12-27 07:40:00+00:00,RT @emerson_yuntho: Hallo @kring_pajak @DitjenPajakRI mau tanya kalau PPN 12 % apakah hanya berlaku untuk pemilih Pak @prabowo di Pemilu 20â€¦,196,0
iqkribnews,2024-12-27 07:40:00+00:00,"Heboh Hitung- hitungan PPN !
PPN dari 11% Jadi 12% Bukan Naik 1% Melainkan 9%, Jerome Polin Jelaskan Perhitungannya

#jeromepolin #aniesbaswedan #gubernurjakarta #prabowo #jakarta #politik #demokrasi  #ridwankamil #menkeu #gibran #jokowi #menteri #viral #dharmapongrekun #dpr #ppn https://t.co/b5wlNXa43T",0,0
antiherolisa17,2024-12-27 07:40:00+00:00,RT @barengwarga: Aksi Tolak Kenaikan PPN sore ini oleh BEM SI di Istana Negara. âœŠ #TolakPPN12Persen https://t.co/hUtztZcbl5,7183,0
ociteiru,2024-12-27 07:39:59+00:00,@taesjaetaesjae nanti sepedanya dipotong ppn 12% jadi sadelnya ilang,0,0
pinkairyy,2024-12-27 07:39:55+00:00,"RT @koganenohikari: ini juga misleading, beras yg ga kena kenaikan PPn 12% itu cuma BERAS BULOG.

berani makan beras Bulog full sebulan? orâ€¦",5024,0
ffrom_myosotis,2024-12-27 07:39:50+00:00,"RT @jellypastaa: ppn 12% ditambah influencer out of nowhere adalah combo terbaik.

pedagang lagi susah, karyawan juga susah, dia datang tukâ€¦",536,0
merdikmlh,2024-12-27 07:39:41+00:00,"RT @virdianaurellio: â€œDemokrasi aman kok buktinya kalian boleh aksiâ€

Iya tapi diintimidasi pake mobil direktorat tahanan dan diparkir depaâ€¦",7638,0
sejahterahman,2024-12-27 07:39:41+00:00,RT @barengwarga: Aksi Tolak Kenaikan PPN sore ini oleh BEM SI di Istana Negara. âœŠ #TolakPPN12Persen https://t.co/hUtztZcbl5,7183,0
Queensavicky,2024-12-27 07:39:40+00:00,"RT @intinyadeh: #intinyadeh akun WhatsApp inisiator @barengwarga beserta keluarganya dihack.

Diduga gara2 vokal nolak PPN 12%, krn akhir2â€¦",1267,0
ambo_miocarbon,2024-12-27 07:39:35+00:00,"RT @Heraloebss: Carut marut bangsa ini bukan hanya Soal PPN 12%, tapi juga soal Koruptor, Oknum, Ketidak adilan, Kemiskinan, Keserahakan, Kâ€¦",84,0
gilangbayunu,2024-12-27 07:39:33+00:00,"bapanas sukses banget bantu rakyat, beras premium skrg bebas pajak 12%! Terima kasih bgt! https://t.co/eRXTNurbIg",0,0
rizallmuhammadz,2024-12-27 07:39:31+00:00,"Jadi gini, guys, PPN 12% itu sebenernya berlaku buat transaksi antar perusahaan (B2B), jadi sebelum barang sampe ke tangan kita. But, once barang udah sampe ke konsumen akhir, total pajaknya bisa lebih dari 12% because there's a multi-level tax in every stage of distribution.",0,0
yudi_puspa,2024-12-27 07:39:29+00:00,"RT @virdianaurellio: â€œDemokrasi aman kok buktinya kalian boleh aksiâ€

Iya tapi diintimidasi pake mobil direktorat tahanan dan diparkir depaâ€¦",7638,0
hihellomega,2024-12-27 07:39:19+00:00,RT @barengwarga: Aksi Tolak Kenaikan PPN sore ini oleh BEM SI di Istana Negara. âœŠ #TolakPPN12Persen https://t.co/hUtztZcbl5,7183,0
mirnasarikumal,2024-12-27 07:39:12+00:00,"mungkin berat ya diawal, tp PPN 12 persen bisa bikin negara kita lebih mandiri secara ekonomi lho! Cek detailnya di https://t.co/aGgj6orxzF",0,0
waautier,2024-12-27 07:39:10+00:00,"RT @koganenohikari: ini juga misleading, beras yg ga kena kenaikan PPn 12% itu cuma BERAS BULOG.

berani makan beras Bulog full sebulan? orâ€¦",5024,0
ffachrudin1,2024-12-27 07:39:10+00:00,"RT @virdianaurellio: â€œDemokrasi aman kok buktinya kalian boleh aksiâ€

Iya tapi diintimidasi pake mobil direktorat tahanan dan diparkir depaâ€¦",7638,0
bukanros,2024-12-27 07:39:07+00:00,"RT @Widino: Entah apa kalian juga merasakan hal yg sama, gw ngerasa akhir tahun 2024 ini chaos bgt :(

Khawatir efek domino PPN 12% ditambaâ€¦",3777,0
keranjangbibu,2024-12-27 07:39:05+00:00,RT @barengwarga: Aksi Tolak Kenaikan PPN sore ini oleh BEM SI di Istana Negara. âœŠ #TolakPPN12Persen https://t.co/hUtztZcbl5,7183,0
blurosertz,2024-12-27 07:39:03+00:00,RT @dekhosun: lucu bgt org2 eropa pada marah ğŸ˜­ kita nih konser mulu tapi berkelahi dengan umr 3jt &amp; ppn 12% anjrit ğŸ˜­ kita juga bingung ğŸ˜­,2974,0
mdkoir,2024-12-27 07:38:59+00:00,"RT @CNNIndonesia: BEM SI Demo Tolak PPN 12 Persen di Istana, Polisi Siapkan 611 Personel https://t.co/U3pNtpYjSg",254,0
IOytes,2024-12-27 07:38:57+00:00,"RT @StefanAntonio__: .
.
BOLA PANAS PPN 12% ADA DI TANGAN PRESIDEN
Jangan mau dijadiin Sasaran Tembak atas Kebijakan Jokowi Pak Presiden @pâ€¦",84,0
surprisedbear,2024-12-27 07:38:57+00:00,"RT @LexWu_13: Perpuluhan itu cuma 10 %...
Zakat cuma 2,5 %.

ini PPN 12 %.

Mending kalau negaranya bantu rakyatnya nyari rejeki!
ini Rejekâ€¦",1657,0
noirpetal,2024-12-27 07:38:57+00:00,"RT @virdianaurellio: â€œDemokrasi aman kok buktinya kalian boleh aksiâ€

Iya tapi diintimidasi pake mobil direktorat tahanan dan diparkir depaâ€¦",7638,0
marsella_auliaa,2024-12-27 07:38:57+00:00,RT @barengwarga: Aksi Tolak Kenaikan PPN sore ini oleh BEM SI di Istana Negara. âœŠ #TolakPPN12Persen https://t.co/hUtztZcbl5,7183,0
bibidibobidibug,2024-12-27 07:38:56+00:00,"RT @koganenohikari: ini juga misleading, beras yg ga kena kenaikan PPn 12% itu cuma BERAS BULOG.

berani makan beras Bulog full sebulan? orâ€¦",5024,0
nadhirahmania,2024-12-27 07:38:55+00:00,"RT @LexWu_13: Perpuluhan itu cuma 10 %...
Zakat cuma 2,5 %.

ini PPN 12 %.

Mending kalau negaranya bantu rakyatnya nyari rejeki!
ini Rejekâ€¦",1657,0
seniaputkurnia,2024-12-27 07:38:55+00:00,kenaikan PPN 12% langkah tepat buat pembangunan! Dukungan penuh buat Bu Sri Mulyani https://t.co/ruolMSRML7,0,0
monthlydhil,2024-12-27 07:38:55+00:00,"RT @MARQUEZ__93: BEM SI Demo PPN 12% Ricuhâ€¼ï¸
Kok Nggak Di Siarkan Di TV Yak Takutâ“ https://t.co/x7vSWFywiR",2174,0
betharaayutari,2024-12-27 07:38:46+00:00,"langkah tepat, PPN 12% cuma buat barang mewah. Rakyat santai aja! Klik link https://t.co/fZZ7bLZ4DR",0,0
remora_only,2024-12-27 07:38:46+00:00,"RT @koganenohikari: ini juga misleading, beras yg ga kena kenaikan PPn 12% itu cuma BERAS BULOG.

berani makan beras Bulog full sebulan? orâ€¦",5024,0
_collateraldmg,2024-12-27 07:38:43+00:00,"RT @virdianaurellio: â€œDemokrasi aman kok buktinya kalian boleh aksiâ€

Iya tapi diintimidasi pake mobil direktorat tahanan dan diparkir depaâ€¦",7638,0
Blylbrntnbho,2024-12-27 07:38:42+00:00,"RT @abu_waras: Kader Gerindra Tuding PDIP Jebak Prabowo Lewat PPN 12 Persen, Lambe Waras: Tinggal Buat PP Pembatalan PPN 12 Persen Apa Susaâ€¦",778,0
sonnysetia,2024-12-27 07:38:42+00:00,"RT @kafiradikalis: ...Baru tahu hari ini mengenai tentang bahwa PKS telah setuju PPN 12%.

Kapan berubah sikapnya?

Padahal dulu (2021) PKSâ€¦",60,0
anitaefpe,2024-12-27 07:38:41+00:00,RT @dekhosun: lucu bgt org2 eropa pada marah ğŸ˜­ kita nih konser mulu tapi berkelahi dengan umr 3jt &amp; ppn 12% anjrit ğŸ˜­ kita juga bingung ğŸ˜­,2974,0
soulavya39,2024-12-27 07:38:40+00:00,"RT @jellypastaa: ppn 12% ditambah influencer out of nowhere adalah combo terbaik.

pedagang lagi susah, karyawan juga susah, dia datang tukâ€¦",536,0
roratrechiasa,2024-12-27 07:38:39+00:00,"kaget dpt email kirain apa ye kan, taunya info tagihan wfi bakal naik kena ppn 12%, enih ga ada yg mau nonjokin kah? kzel bgt astagaa, sabar, sabar",0,0
ofSxhee,2024-12-27 07:38:28+00:00,"RT @triwul82: Saat kenaikan tarif PPN 12% tinggal menghitung hari diberlakukan, gelombang penolakan makin besar. Anggota DPR juga tidak satâ€¦",14,0
Vonscare,2024-12-27 07:38:28+00:00,"RT @anggapph2: Bang ini advokasi melawan siapa sih? Politisi dan elit atau faris pegawai baru masuk IMF?

Lawan Faris apa dampaknya ke PPNâ€¦",210,0
feelinlonelyfy,2024-12-27 07:38:27+00:00,RT @dekhosun: lucu bgt org2 eropa pada marah ğŸ˜­ kita nih konser mulu tapi berkelahi dengan umr 3jt &amp; ppn 12% anjrit ğŸ˜­ kita juga bingung ğŸ˜­,2974,0
Raidjin666,2024-12-27 07:38:26+00:00,"RT @virdianaurellio: â€œDemokrasi aman kok buktinya kalian boleh aksiâ€

Iya tapi diintimidasi pake mobil direktorat tahanan dan diparkir depaâ€¦",7638,0
adityatrd,2024-12-27 07:38:26+00:00,"RT @koganenohikari: ini juga misleading, beras yg ga kena kenaikan PPn 12% itu cuma BERAS BULOG.

berani makan beras Bulog full sebulan? orâ€¦",5024,0
puri__nim,2024-12-27 07:38:24+00:00,Myday ina be like: wasem lah mana ppn 12% https://t.co/xFWW4UausR,0,0
Charl3zzC27762,2024-12-27 07:38:22+00:00,"RT @MARQUEZ__93: BEM SI Demo PPN 12% Ricuhâ€¼ï¸
Kok Nggak Di Siarkan Di TV Yak Takutâ“ https://t.co/x7vSWFywiR",2174,0
fias_rawna,2024-12-27 07:38:21+00:00,"RT @satriohendri: eh emang gue yang belum denger atau emang belum ada yang ngomong ya?

Bila benar hanya @PKSejahtera yang gak setuju PPN 1â€¦",542,0
HendraI02096030,2024-12-27 07:38:20+00:00,"RT @CNNIndonesia: BEM SI Demo Tolak PPN 12 Persen di Istana, Polisi Siapkan 611 Personel https://t.co/U3pNtpYjSg",254,0
Nadyadiyah,2024-12-27 07:38:17+00:00,"RT @koganenohikari: ini juga misleading, beras yg ga kena kenaikan PPn 12% itu cuma BERAS BULOG.

berani makan beras Bulog full sebulan? orâ€¦",5024,0
Jenniestale,2024-12-27 07:38:15+00:00,"RT @triwul82: Saat kenaikan tarif PPN 12% tinggal menghitung hari diberlakukan, gelombang penolakan makin besar. Anggota DPR juga tidak satâ€¦",14,0
zafirawra,2024-12-27 07:38:15+00:00,"RT @virdianaurellio: â€œDemokrasi aman kok buktinya kalian boleh aksiâ€

Iya tapi diintimidasi pake mobil direktorat tahanan dan diparkir depaâ€¦",7638,0
Uus94,2024-12-27 07:38:07+00:00,"RT @rmol_id: Kader Muda Golkar Desak Prabowo Keluarkan Perppu Pembatalan PPN 12 Persen
https://t.co/KRf3cSvEz1",28,0
snnyxyde,2024-12-27 07:38:06+00:00,RT @barengwarga: Mahasiswa Tiarap Menolak PPN 12%: Simbolisasi Kekhawatiran Ekonomi Masyarakat yang akan tiarap jika PPN Naik. #TolakPPN12Pâ€¦,5554,0
tw3ntyfour24,2024-12-27 07:38:06+00:00,RT @barengwarga: Mahasiswa Tiarap Menolak PPN 12%: Simbolisasi Kekhawatiran Ekonomi Masyarakat yang akan tiarap jika PPN Naik. #TolakPPN12Pâ€¦,5554,0
Dilan1948,2024-12-27 07:38:04+00:00,RT @dekhosun: lucu bgt org2 eropa pada marah ğŸ˜­ kita nih konser mulu tapi berkelahi dengan umr 3jt &amp; ppn 12% anjrit ğŸ˜­ kita juga bingung ğŸ˜­,2974,0
niyathekid0,2024-12-27 07:38:04+00:00,RT @barengwarga: Aksi Tolak Kenaikan PPN sore ini oleh BEM SI di Istana Negara. âœŠ #TolakPPN12Persen https://t.co/hUtztZcbl5,7183,0
GunaOkee,2024-12-27 07:37:59+00:00,"Mul satu sibuk bikin kebinjakan hambur2kan uang, Mul lagi satu nyari duit keinginan memenuhi ambisi Mul satu lagi termasuk PPN 12 %, IKN &amp; Makan Bergizi Gratis https://t.co/pN37clMrxe",0,0
meliksumanandar,2024-12-27 07:37:54+00:00,"@Metro_TV 1) Menteri Hukum kok ngomongin PPN 12%? Menteri SALAH KAMAR atau SALAH MINUM OBAT?
2) Ada lagi SHADOW President Hashim. Bicara urusan resmi Pemerintah se-akan2 dia itu Presiden, tanpa risih &amp; malu",0,0
Tenggirigeprek_,2024-12-27 07:37:53+00:00,RT @barengwarga: Aksi Tolak Kenaikan PPN sore ini oleh BEM SI di Istana Negara. âœŠ #TolakPPN12Persen https://t.co/hUtztZcbl5,7183,0
fbshomok,2024-12-27 07:37:51+00:00,"RT @koganenohikari: ini juga misleading, beras yg ga kena kenaikan PPn 12% itu cuma BERAS BULOG.

berani makan beras Bulog full sebulan? orâ€¦",5024,0
etherealchandra,2024-12-27 07:37:50+00:00,"RT @CNNIndonesia: Tolak PPN 12 Persen, Mahasiswa di Makassar Sandera Truk dan Bakar Ban https://t.co/9NoqRf9z4u",608,0
maumiewarpad,2024-12-27 07:37:47+00:00,RT @barengwarga: Aksi Tolak Kenaikan PPN sore ini oleh BEM SI di Istana Negara. âœŠ #TolakPPN12Persen https://t.co/hUtztZcbl5,7183,0
rizkiakbarpra,2024-12-27 07:37:45+00:00,"kabar baik! Beras premium tanpa PPN 12%, pasti harga lebih terjangkau. Nice move, Bapanas! https://t.co/y2xjBXXQsA",0,0
florescencie,2024-12-27 07:37:41+00:00,"RT @kiissedbypoem: Mau nonton dikenakan pajak 12%, mau baca buku dikenakan pajak 12%, mau dengar musik pun dikenakan pajak 12%. Niat mau hiâ€¦",579,0
friedricealways,2024-12-27 07:37:34+00:00,RT @barengwarga: Mahasiswa Tiarap Menolak PPN 12%: Simbolisasi Kekhawatiran Ekonomi Masyarakat yang akan tiarap jika PPN Naik. #TolakPPN12Pâ€¦,5554,0
BangGodham,2024-12-27 07:37:32+00:00,"RT @abu_waras: Belum seratus hari menjabat.
Tapi sudah jahat sama rakyat.
Rakyat dicekik dengan harga akibat kenaikan PPN yang menjerat.
Moâ€¦",23,0
aufrechichte,2024-12-27 07:37:32+00:00,"RT @CNNIndonesia: Tolak PPN 12 Persen, Mahasiswa di Makassar Sandera Truk dan Bakar Ban https://t.co/9NoqRf9z4u",608,0
RachmanYanis,2024-12-27 07:37:28+00:00,"RT @akbarfaizal68: Kajian CELIOS menunjukkan PPN 12% itu fatal dan ngawur. â€œMana kajian akademiknya? Sy gak pernah nemu..,â€ kata Media Wahyâ€¦",949,0
Uus94,2024-12-27 07:37:23+00:00,"RT @CNNIndonesia: BEM SI Demo Tolak PPN 12 Persen di Istana, Polisi Siapkan 611 Personel https://t.co/U3pNtpYjSg",254,0
dedimahardi,2024-12-27 07:37:23+00:00,RT @CNNIndonesia: FOTO: Aksi BEM SI Kerakyatan Tolak Kenaikan PPN jadi 12 Persen https://t.co/N5ZJHAWzys,1224,0
Ru199607,2024-12-27 07:37:22+00:00,"RT @tempodotco: Mungkinkah membatalkan PPN 12 persen?

Uskup Agung Jakarta Kardinal Ignatius Suharyo meminta masyarakat kritis terhadap renâ€¦",187,0
hannasarikumala,2024-12-27 07:37:20+00:00,"akhirnya PPN 12% fokus ke barang mewah doang, jadi gak ganggu kebutuhan pokok kita. Salut deh! Link: https://t.co/knufuwsawt",0,0
Iuxvry,2024-12-27 07:37:18+00:00,"RT @koganenohikari: ini juga misleading, beras yg ga kena kenaikan PPn 12% itu cuma BERAS BULOG.

berani makan beras Bulog full sebulan? orâ€¦",5024,0
ayceeyha,2024-12-27 07:37:18+00:00,RT @barengwarga: Mahasiswa Tiarap Menolak PPN 12%: Simbolisasi Kekhawatiran Ekonomi Masyarakat yang akan tiarap jika PPN Naik. #TolakPPN12Pâ€¦,5554,0
IdrMonocul67279,2024-12-27 07:37:12+00:00,"RT @MARQUEZ__93: BEM SI Demo PPN 12% Ricuhâ€¼ï¸
Kok Nggak Di Siarkan Di TV Yak Takutâ“ https://t.co/x7vSWFywiR",2174,0
EddieBachroel,2024-12-27 07:37:11+00:00,RT @CNNIndonesia: FOTO: Aksi BEM SI Kerakyatan Tolak Kenaikan PPN jadi 12 Persen https://t.co/N5ZJHAWzys,1224,0
khususkoriyani,2024-12-27 07:37:10+00:00,"RT @rahmatsafari93: @Kanseulir Udah ngga bisa ditolong
Tritura Ampera ( Tiga Tuntutan Rakyat dan Amanat  Penderitaan Rakyat )
1. Bubarkan kâ€¦",78,0
SahaAingTeh19,2024-12-27 07:37:07+00:00,"RT @recneps24429910: gini ya adick-adick

beli beras 10.000 , ppn nya 11% total jadi 11.100
beli beras 10.000, ppn nya 12% total jadi 11.20â€¦",2852,0
orenjru,2024-12-27 07:37:07+00:00,"RT @virdianaurellio: â€œDemokrasi aman kok buktinya kalian boleh aksiâ€

Iya tapi diintimidasi pake mobil direktorat tahanan dan diparkir depaâ€¦",7638,0
Retno01Susanti,2024-12-27 07:36:59+00:00,"RT @CakKhum: Pajak itu untuk menyejahterakan PEJABAT bukan untuk menyejahterakan Rakyat

Ada nggak pejabat yang rumahnya type 27 atau 36?
Aâ€¦",3783,0
madeby_nat,2024-12-27 07:36:58+00:00,"@999o7i buzzer tai, nutupin isu apalagi ini? ppn 12% ? hasto?
ga mempan ya tai, orang2 udh pada pinter.
nyebar berita hamis daud terus you ng lex, terus tar siapa lagi? ğŸ˜",0,1
ayceeyha,2024-12-27 07:36:57+00:00,"RT @kiissedbypoem: Mau nonton dikenakan pajak 12%, mau baca buku dikenakan pajak 12%, mau dengar musik pun dikenakan pajak 12%. Niat mau hiâ€¦",579,0
fkhiyaa,2024-12-27 07:36:56+00:00,"RT @intinyadeh: #intinyadeh akun WhatsApp inisiator @barengwarga beserta keluarganya dihack.

Diduga gara2 vokal nolak PPN 12%, krn akhir2â€¦",1267,0
zvrmaaa,2024-12-27 07:36:54+00:00,"RT @NarasiNewsroom: Akun WhatsApp milik Risyad Azhar, salah satu inisiator Bareng Warga, beserta keluarganya diretas Selasa (24/12/2024). Dâ€¦",1511,0
kaniaputrix,2024-12-27 07:36:51+00:00,RT @OposisiCerdas: Ustaz Felix Siauw: Pajak Tinggi Tanda Lemahnya Sumber Pendapatan Negara https://t.co/5LitsPXdoW,76,0
12Hadiwijaya,2024-12-27 07:36:47+00:00,RT @detikcom: Gelombang penolakan pada kenaikan PPN jadi 12% pada 2025 makin meluas. Masyarakat tuntut pembatalan kebijakan ini melalui unjâ€¦,1301,0
imanimeidana,2024-12-27 07:36:44+00:00,RT @CNNIndonesia: FOTO: Aksi BEM SI Kerakyatan Tolak Kenaikan PPN jadi 12 Persen https://t.co/N5ZJHAWzys,1224,0
Zaidrasyid7,2024-12-27 07:36:43+00:00,"RT @koganenohikari: ini juga misleading, beras yg ga kena kenaikan PPn 12% itu cuma BERAS BULOG.

berani makan beras Bulog full sebulan? orâ€¦",5024,0
ayamlalap,2024-12-26 07:54:57+00:00,"@Cryptorealis Fokus apa yg diri kita bisa rubah, bukan sibuk menyalahkan sekitar. Pajak mau sampe kapanpun bakal naik terus. Tp membuat pendapatan kita meningkat itu dari diri kita.",0,1
melinazmi,2024-12-26 07:54:55+00:00,RT @cimolbojoot: ppn 12% really hit me so damn ğŸ˜ğŸ’” https://t.co/Ke75XvK3qJ,4085,0
kimkimtralala,2024-12-26 07:54:54+00:00,"RT @kfin_klin: @CNNIndonesia Sudahlah jgn ngelantur kalau memang 'berat' lebih baik batalkan aja, Berpuluh2 tahun gak ada Makan Gratis gakâ€¦",63,0
adient_ei,2024-12-26 07:54:47+00:00,"RT @EarleneGaynelle: Mari lanjutkan BOIKOT âœŠï¸ğŸ‡µğŸ‡¸
.
.
.
.
.
.
.
.
#IsraelMusuhAsliKita
Ria SW, Bandung, 300 T, Diskon 100%, Muhammadiyah, Akmâ€¦",170,0
Kyuu03790281,2024-12-26 07:54:46+00:00,RT @kkyy2389: Ayo ayo dibeli tiket Kyuhyun Colors in Jakarta mumpung belum kena ppn 12% dan rasakan blusukan bersama beliau ^___^ https://tâ€¦,17,0
downbad_89,2024-12-26 07:54:41+00:00,RT @cimolbojoot: ppn 12% really hit me so damn ğŸ˜ğŸ’” https://t.co/Ke75XvK3qJ,4085,0
Harkazel,2024-12-26 07:54:29+00:00,"RT @loooooters: @KhoirulAnnisa72 Udah pajak naik, uang palsu beredar dimana mana, berita pinjol banyak, hukum dimainin, judi online telat nâ€¦",1630,0
aliastodeskie,2024-12-26 07:54:24+00:00,"@tempodotco Baik omnibus law maupun PPN 12 persen tidak menyertakan akuntabilitas bagi PPATK, apakah administrasi dan PPATK sesungguhnya berbeda pendapat ğŸ˜‰",0,0
PeduliBangsa333,2024-12-26 07:54:19+00:00,"RT @Deslini2: Politikus PDIP Unggah Surpres,Jokowi Dalang PPN 12 Persen
Duh..Jokowi..Jokowi
Serasa kau pasti Tidak akan mati..
Serasa Mautâ€¦",12,0
bellaforger,2024-12-26 07:54:14+00:00,"RT @tempodotco: Uskup Agung Jakarta Ajak Masyarakat Kritis Tanggapi Kebijakan PPN 12 Persen
https://t.co/oshW4BQvxZ",1683,0
SoeHanto__,2024-12-26 07:54:13+00:00,"RT @CakKhum: Pajak itu untuk menyejahterakan PEJABAT bukan untuk menyejahterakan Rakyat

Ada nggak pejabat yang rumahnya type 27 atau 36?
Aâ€¦",3784,0
MifcathulHaq,2024-12-26 07:54:13+00:00,"RT @EarleneGaynelle: Sekedar mengingatkan kembali... JANGAN KENDURKAN BOIKOT.

Nasib Palestina ada di tangan Kita !!!

Lanjutkan Boikot âœŠï¸â€¦",2303,0
maya_idah25,2024-12-26 07:54:12+00:00,"RT @marsieles_monly: PPN 12% hanya untuk barang dan jasa mewah, memastikan kebutuhan pokok rakyat tetap terjangkau #PPN

Bandung Ria SW Tolâ€¦",272,0
squishypeach123,2024-12-26 07:54:09+00:00,"RT @convomf: ğŸ’™ FYI, yg menolak kenaikan PPN 12 % itu cuma 1 fraksi, dan yg digambar ini masuk ke barisan yg setuju, kok bs y adminnya ngetiâ€¦",3012,0
tbiramadhan,2024-12-26 07:54:05+00:00,"RT @intinyadeh: #intinyadeh akun WhatsApp inisiator @barengwarga beserta keluarganya dihack.

Diduga gara2 vokal nolak PPN 12%, krn akhir2â€¦",1267,0
MukhlizarD98074,2024-12-26 07:54:01+00:00,"RT @CakKhum: Pajak itu untuk menyejahterakan PEJABAT bukan untuk menyejahterakan Rakyat

Ada nggak pejabat yang rumahnya type 27 atau 36?
Aâ€¦",3784,0
aladinmovic2000,2024-12-26 07:54:00+00:00,"RT @democrazymedia: Akun WhatsApp Pembuat Petisi Tolak PPN 12% Diretas, Diduga Upaya Pembungkaman, Begini Kronologisnya!
https://t.co/flRhzâ€¦",82,0
baeutifuliar,2024-12-26 07:53:59+00:00,"RT @kfin_klin: @CNNIndonesia Sudahlah jgn ngelantur kalau memang 'berat' lebih baik batalkan aja, Berpuluh2 tahun gak ada Makan Gratis gakâ€¦",63,0
cdhsrm,2024-12-26 07:53:48+00:00,RT @wandarxn: Jalan di negara PPN 12%:,7166,0
strawberrieseee,2024-12-26 07:53:42+00:00,RT @wandarxn: Jalan di negara PPN 12%:,7166,0
joppieadi999,2024-12-26 07:53:39+00:00,"RT @CakKhum: Pajak itu untuk menyejahterakan PEJABAT bukan untuk menyejahterakan Rakyat

Ada nggak pejabat yang rumahnya type 27 atau 36?
Aâ€¦",3784,0
ackticng,2024-12-26 07:53:38+00:00,"RT @alfian_fdn: @KhoirulAnnisa72 Meskipun naiknya PPN baru per 1 Januari, tapi pengusaha sudah ancang-ancang soalnya semua biaya bahan bakuâ€¦",323,0
MrHut1,2024-12-26 07:53:36+00:00,"RT @CakKhum: Pajak itu untuk menyejahterakan PEJABAT bukan untuk menyejahterakan Rakyat

Ada nggak pejabat yang rumahnya type 27 atau 36?
Aâ€¦",3784,0
Isakson_chris,2024-12-26 07:53:32+00:00,RT @cimolbojoot: ppn 12% really hit me so damn ğŸ˜ğŸ’” https://t.co/Ke75XvK3qJ,4085,0
QLUC188799,2024-12-26 07:53:30+00:00,"RT @realfedinuril: Ada yang mau diksinya lebih tepat.  
Baiklah. 

Kalau Bapak @prabowo tetap melaksanakan kenaikan PPN , padahal Bapak punâ€¦",1348,0
sunooaja,2024-12-26 07:53:30+00:00,RT @cimolbojoot: ppn 12% really hit me so damn ğŸ˜ğŸ’” https://t.co/Ke75XvK3qJ,4085,0
hujanawal,2024-12-26 07:53:27+00:00,RT @detikcom: Gelombang penolakan pada kenaikan PPN jadi 12% pada 2025 makin meluas. Masyarakat tuntut pembatalan kebijakan ini melalui unjâ€¦,1301,0
HDHinuttama,2024-12-26 07:53:27+00:00,"menyambut taun baru, have a nice weekend yall. peace. tahun depan pajak naik. sehat sehat semuanya yang waras. yang sibuk sm egonya sendiri terserah mau sehat apa ngga",0,20
jihannuriajihan,2024-12-26 07:53:26+00:00,"RT @EarleneGaynelle: Mari lanjutkan BOIKOT âœŠï¸ğŸ‡µğŸ‡¸
.
.
.
.
.
.
.
.
#IsraelMusuhAsliKita
Ria SW, Bandung, 300 T, Diskon 100%, Muhammadiyah, Akmâ€¦",170,0
barengwarga,2024-12-26 07:53:26+00:00,"RT @NarasiNewsroom: Akun WhatsApp milik Risyad Azhar, salah satu inisiator Bareng Warga, beserta keluarganya diretas Selasa (24/12/2024). Dâ€¦",1511,0
lembonbon,2024-12-26 07:53:25+00:00,"RT @profesor_saham: Lah itu lu tau, kalau banyak pekerja indo itu yang gak kena pph, karna GAJI MEREKA KECIL 

Dan lu masih ngedukung PPN 1â€¦",768,0
Deslini2,2024-12-26 07:53:25+00:00,"Politikus PDIP Unggah Surpres,Jokowi Dalang PPN 12 Persen
Duh..Jokowi..Jokowi
Serasa kau pasti Tidak akan mati..
Serasa Maut tidak akan pernah menjemputmu
Serasa kau pasti panjang umur selamanya
Ok Jok..teruskan Bermewah2 dgn Kezaliman kau #JokowiRajaSprindik
#JokowiRajaSprindik https://t.co/rBe9E8RYay",12,16
anxie_teaa,2024-12-26 07:53:25+00:00,"RT @loooooters: @KhoirulAnnisa72 Udah pajak naik, uang palsu beredar dimana mana, berita pinjol banyak, hukum dimainin, judi online telat nâ€¦",1630,0
tiyaspuspitaa,2024-12-26 07:53:21+00:00,"ğŸ“Š Tarif PPN Naik 1%, Bukan 12%! ğŸ“Š Kenaikan tarif PPN menjadi 12% berarti hanya kenaikan 1% dari yang sebelumnya 11%. Jangan panik! Ini adalah kebijakan terukur yang diambil untuk mendukung pemulihan ekonomi nasional #PPNBerkeadilan #1l",0,0
any_uname,2024-12-26 07:53:19+00:00,"RT @CakKhum: Pajak itu untuk menyejahterakan PEJABAT bukan untuk menyejahterakan Rakyat

Ada nggak pejabat yang rumahnya type 27 atau 36?
Aâ€¦",3784,0
dinos4uru5,2024-12-26 07:53:17+00:00,"RT @kiissedbypoem: Mau nonton dikenakan pajak 12%, mau baca buku dikenakan pajak 12%, mau dengar musik pun dikenakan pajak 12%. Niat mau hiâ€¦",579,0
v_denny,2024-12-26 07:53:14+00:00,"RT @Mdy_Asmara1701: Lah kata pak Menteri QRIS, e-Money nggak bakal kena PPN 12%..

Ditjen pajak bilang kena..
Yang mana yang bener ini?â€¦",1173,0
lampuspiritus,2024-12-26 07:53:12+00:00,"RT @chocostardil: @KhoirulAnnisa72 Iya memang berpengaruh bgt kak , contoh
Pabrik ke distributor : 3.000 + 12% =3.360
Distributor ke toko :â€¦",209,0
unknown69Goods,2024-12-26 07:53:09+00:00,@rizal456987 @ARSIPAJA Trus orang yg byr pajak kena kenaikan ppn berarti kena double down dong? ğŸ˜,0,0
valenciaSari_,2024-12-26 07:53:08+00:00,"mantap Bu Sri, kenaikan PPN langkah strategis menuju masa depan ekonomi yang tangguh! Yuk simak: https://t.co/MY6YioBAYK",0,0
HelloRayn,2024-12-26 07:53:07+00:00,"RT @kiissedbypoem: Mau nonton dikenakan pajak 12%, mau baca buku dikenakan pajak 12%, mau dengar musik pun dikenakan pajak 12%. Niat mau hiâ€¦",579,0
ainthatgoat,2024-12-26 07:53:06+00:00,"RT @profesor_saham: Lah itu lu tau, kalau banyak pekerja indo itu yang gak kena pph, karna GAJI MEREKA KECIL 

Dan lu masih ngedukung PPN 1â€¦",768,0
abcdhiniii,2024-12-26 07:53:05+00:00,"RT @kiissedbypoem: Mau nonton dikenakan pajak 12%, mau baca buku dikenakan pajak 12%, mau dengar musik pun dikenakan pajak 12%. Niat mau hiâ€¦",579,0
r3nb0l,2024-12-26 07:53:05+00:00,"@MurtadhaOne1 semua jenis lahan gituan, itu salah satu sumber pendapatan atau minimalnya setoran utk para pejabat, jd meski ppn 12%, ga akan sampe ke kas negara, tapi masuk ke kantung2 penjabat, keluarga mrk dan partai mrk
terkutuklah mereka",1,2
Muhamad71172965,2024-12-26 07:53:05+00:00,"RT @Mdy_Asmara1701: Semoga presiden Prabowo batalkan dengan menerbitkan Perppu PPN 12 Persen 

#TolakPPN12Persen",31,0
woxidmci,2024-12-26 07:53:04+00:00,RT @cimolbojoot: ppn 12% really hit me so damn ğŸ˜ğŸ’” https://t.co/Ke75XvK3qJ,4085,0
dinos4uru5,2024-12-26 07:53:01+00:00,RT @wandarxn: Jalan di negara PPN 12%:,7166,0
law_ismylife,2024-12-26 07:53:01+00:00,"Keputusan ada di tangan pemerintah tentang pelaksanaan kenaikan PPN 12 % pada tahun 2025.
DPR menghimbau agar Pemerintah menyiapkan mitigasi risiko dr kenaikan tsb karena menambah beban masyarakat.
Inilah  fungsi DPR dalam pengawasan.

Bandung | Ria SW | Akatsuki | Kazakhstan | https://t.co/nurHj32YDa",5,17
soimah_hrngsih,2024-12-26 07:53:01+00:00,"RT @marsieles_monly: PPN 12% hanya untuk barang dan jasa mewah, memastikan kebutuhan pokok rakyat tetap terjangkau #PPN

Bandung Ria SW Tolâ€¦",272,0
yasuhara_niwa,2024-12-26 07:52:47+00:00,"RT @Mdy_Asmara1701: Lah kata pak Menteri QRIS, e-Money nggak bakal kena PPN 12%..

Ditjen pajak bilang kena..
Yang mana yang bener ini?â€¦",1173,0
cherryuuus,2024-12-26 07:52:45+00:00,"RT @CakKhum: Pajak itu untuk menyejahterakan PEJABAT bukan untuk menyejahterakan Rakyat

Ada nggak pejabat yang rumahnya type 27 atau 36?
Aâ€¦",3784,0
agusprehadi,2024-12-26 07:52:44+00:00,"RT @prastow: PPN 12%: semua barang atau barang mewah? Siapa bohong?

Saya coba rekonstruksi: 
1. UU 7/2021 hakikatnya mengatur semua penyerâ€¦",235,0
alyfbe,2024-12-26 07:52:44+00:00,"RT @Widino: Entah apa kalian juga merasakan hal yg sama, gw ngerasa akhir tahun 2024 ini chaos bgt :(

Khawatir efek domino PPN 12% ditambaâ€¦",3777,0
vars24gan,2024-12-26 07:52:44+00:00,"RT @loooooters: @KhoirulAnnisa72 Udah pajak naik, uang palsu beredar dimana mana, berita pinjol banyak, hukum dimainin, judi online telat nâ€¦",1630,0
a_nahdhi,2024-12-26 07:52:43+00:00,"RT @intinyadeh: #intinyadeh akun WhatsApp inisiator @barengwarga beserta keluarganya dihack.

Diduga gara2 vokal nolak PPN 12%, krn akhir2â€¦",1267,0
Jhon47088223421,2024-12-26 07:52:42+00:00,RT @ZAMHARIBASYIR1: Kalau ini benar maka bohong yg mengatakan PDIP hrs bertanggung jawab atas kenaikan PPN 13%. Tentu yg berkepentingan ataâ€¦,1,0
alamanda_maroon,2024-12-26 07:52:39+00:00,"RT @CakKhum: Pajak itu untuk menyejahterakan PEJABAT bukan untuk menyejahterakan Rakyat

Ada nggak pejabat yang rumahnya type 27 atau 36?
Aâ€¦",3784,0
cdhsrm,2024-12-26 07:52:34+00:00,"RT @profesor_saham: Lah itu lu tau, kalau banyak pekerja indo itu yang gak kena pph, karna GAJI MEREKA KECIL 

Dan lu masih ngedukung PPN 1â€¦",768,0
cicilslv,2024-12-26 07:52:32+00:00,RT @wandarxn: Jalan di negara PPN 12%:,7166,0
adhitya_ss,2024-12-26 07:52:30+00:00,"RT @AdeptusAstartia: Ilustrasi yg diberikan kurang tepat.

DISCLAIMER: Saya tidak mendukung kenaikan PPN di tengah lesunya daya beli masyarâ€¦",820,0
simpmahae,2024-12-26 07:52:29+00:00,"RT @anw_pecirotan: @WSTWMYKY Kalau semua wibu Indonesia mengkonversi tujuan klimaks menjadi semangat menggulingkan pemerintah kayak mikey,â€¦",51,0
tiyaspuspitaa,2024-12-26 07:52:25+00:00,"Banyak yang khawatir soal kenaikan PPN 12%, padahal kenyataannya hanya kenaikan 1% dari tarif sebelumnya yang 11%. Ini bagian dari kebijakan terukur pemerintah untuk menjaga stabilitas ekonomi #PPNBerkeadilan https://t.co/m1PxDL3paX #lb",0,0
lampuspiritus,2024-12-26 07:52:23+00:00,"RT @alfian_fdn: @KhoirulAnnisa72 Meskipun naiknya PPN baru per 1 Januari, tapi pengusaha sudah ancang-ancang soalnya semua biaya bahan bakuâ€¦",323,0
kristinamarsar,2024-12-26 07:52:22+00:00,"langkah berani dari Presiden Prabowo, PPN naik 12% buat kemajuan infrastruktur rakyat! Salut! https://t.co/z5udmJrSkl",0,0
DhaniWell,2024-12-26 07:52:21+00:00,"RT @LexWu_13: Perpuluhan itu cuma 10 %...
Zakat cuma 2,5 %.

ini PPN 12 %.

Mending kalau negaranya bantu rakyatnya nyari rejeki!
ini Rejekâ€¦",1657,0
boomsuck6,2024-12-26 07:52:20+00:00,"@cnbcindonesia Gw kayanya klo ppn naek puasa dlu ke mall, dah kebayang dah ppn 12% kaya apa hrga2 di mall",0,0
lampuspiritus,2024-12-26 07:52:19+00:00,"RT @loooooters: @KhoirulAnnisa72 Udah pajak naik, uang palsu beredar dimana mana, berita pinjol banyak, hukum dimainin, judi online telat nâ€¦",1630,0
treefired,2024-12-26 07:52:07+00:00,"RT @loooooters: @KhoirulAnnisa72 Udah pajak naik, uang palsu beredar dimana mana, berita pinjol banyak, hukum dimainin, judi online telat nâ€¦",1630,0
pota_pu,2024-12-26 07:52:06+00:00,RT @wandarxn: Jalan di negara PPN 12%:,7166,0
imoxyyw,2024-12-26 07:52:06+00:00,"RT @CakKhum: Pajak itu untuk menyejahterakan PEJABAT bukan untuk menyejahterakan Rakyat

Ada nggak pejabat yang rumahnya type 27 atau 36?
Aâ€¦",3784,0
aaadelaidesky,2024-12-26 07:52:04+00:00,"RT @kiissedbypoem: Mau nonton dikenakan pajak 12%, mau baca buku dikenakan pajak 12%, mau dengar musik pun dikenakan pajak 12%. Niat mau hiâ€¦",579,0
xbengs,2024-12-26 07:52:00+00:00,"Makin banyak oknum aparat, pajak PPN 12%, orang kaya bebas menganiaya, pejabat korup, babu penyepong atasan demi kue kecil untuk keluarganya.

Reformasi kah min?",0,0
EliorAldric,2024-12-26 07:51:59+00:00,RT @AleenaDi09: Mari kita dukung Presiden Prabowo untuk membatalkan kenaikan PPN 12% ğŸ‘ŒğŸ‘ https://t.co/TV59iAunqZ,46,0
ijoeledun,2024-12-26 07:51:59+00:00,"RT @CakKhum: Pajak itu untuk menyejahterakan PEJABAT bukan untuk menyejahterakan Rakyat

Ada nggak pejabat yang rumahnya type 27 atau 36?
Aâ€¦",3784,0
soowmay,2024-12-26 07:51:56+00:00,"RT @kiissedbypoem: Mau nonton dikenakan pajak 12%, mau baca buku dikenakan pajak 12%, mau dengar musik pun dikenakan pajak 12%. Niat mau hiâ€¦",579,0
unknownweebs123,2024-12-26 07:51:54+00:00,"RT @gazzaki: @ARSIPAJA Dari dulu emg akun itu pro pak prabs, pernyataan nya ttg pdip itu ga salah tapi cara menjelaskan kenaikan ppn dari sâ€¦",90,0
landonoffish,2024-12-26 07:51:51+00:00,"orang satu kantor vote krn kasihan sudah 3 kali nyalon, sudah tua lebih baik diwujudkan impiannya sebelum wafat dan skrg planga plongo pajak naikğŸ’€ğŸ’€

TOLOL EMG KALIAN SEMUA JUSTRU KRN UDH TUA DAH GA PRODUKTIF LAH ANJ ğŸ’€ğŸ’€ https://t.co/kJXTbPdYdp",0,0
Codename711,2024-12-26 07:51:50+00:00,"RT @tempodotco: Mungkinkah membatalkan PPN 12 persen?

Uskup Agung Jakarta Kardinal Ignatius Suharyo meminta masyarakat kritis terhadap renâ€¦",187,0
pecintamilooo,2024-12-26 07:51:49+00:00,RT @wandarxn: Jalan di negara PPN 12%:,7166,0
VelgVandez,2024-12-26 07:51:46+00:00,"RT @PartaiSocmed: Tanggung jawab apa? Inisiator kenaikan PPN jadi 12% itu PDIP, Ketua Panja RUU HPP dari PDIP, sedangkan yg ketok palu jadiâ€¦",421,0
shabymarukochan,2024-12-26 07:51:43+00:00,RT @cimolbojoot: ppn 12% really hit me so damn ğŸ˜ğŸ’” https://t.co/Ke75XvK3qJ,4085,0
rredeub,2024-12-26 07:51:39+00:00,"RT @nabiylarisfa: Statemen bapak ini keliru ya gaes.

Peraturan Menteri Keuangan 141/010/2021 yang disebut adalah tentang Pajak Penjualan aâ€¦",300,0
kageyamalt,2024-12-26 07:51:39+00:00,hk mart kena ppn 12% juga dong ya ğŸ˜” https://t.co/1TCrY7QFqd,0,0
PumpDumped,2024-12-26 07:51:37+00:00,"RT @MiRV19Kft: Dampak kenaikan PPN bagi Emiten industri di Bursa efek Indonesia :

1. Peningkatan Biaya Produksi :

Kenaikan PPN akan menaiâ€¦",173,0
Isadaud675,2024-12-26 07:51:33+00:00,@NasdiyantoPKS @FPKSDPRRI Protes di Senayan sebagai bukti kalau PKS menolak PPN 12%,0,0
FathurRachmanK,2024-12-26 07:51:30+00:00,"RT @realfedinuril: Kepada Pak @prabowo 

Walaupun kenaikan PPN menjadi 12% adalah inisiatif @PDI_Perjuangan atau @jokowi , dengan Bapak tetâ€¦",6247,0
bramionodwi,2024-12-26 07:51:27+00:00,"RT @EarleneGaynelle: Mari lanjutkan BOIKOT âœŠï¸ğŸ‡µğŸ‡¸
.
.
.
.
.
.
.
.
#IsraelMusuhAsliKita
Ria SW, Bandung, 300 T, Diskon 100%, Muhammadiyah, Akmâ€¦",170,0
LaodeMSyarif,2024-12-26 07:51:27+00:00,"RT @prastow: PPN 12%: semua barang atau barang mewah? Siapa bohong?

Saya coba rekonstruksi: 
1. UU 7/2021 hakikatnya mengatur semua penyerâ€¦",235,0
imamputrajago,2024-12-26 07:51:26+00:00,"RT @Mdy_Asmara1701: Nggak jelas..
Bilang katanya PPN 12% buat barang mewah tapi rincian barang mewahnya masih mau dibahas ğŸ¤¦â€â™€ï¸

#TolakPPN12â€¦",177,0
Nat_R1N1,2024-12-26 07:51:24+00:00,"RT @NinzExe09: Aktivitas Ekonomi Melambat tahun ini, Pesta Meriah saat Pemilu 2024 tdk Menjamin Rakyat akan Sejahtera sesudahnya !!

Daya bâ€¦",7,0
Carot247_,2024-12-26 07:51:20+00:00,"RT @chocostardil: @KhoirulAnnisa72 Iya memang berpengaruh bgt kak , contoh
Pabrik ke distributor : 3.000 + 12% =3.360
Distributor ke toko :â€¦",209,0
Rufix98,2024-12-26 07:51:11+00:00,"RT @CakKhum: Pajak itu untuk menyejahterakan PEJABAT bukan untuk menyejahterakan Rakyat

Ada nggak pejabat yang rumahnya type 27 atau 36?
Aâ€¦",3784,0
vwxyoojin,2024-12-26 07:51:10+00:00,"RT @loooooters: @KhoirulAnnisa72 Udah pajak naik, uang palsu beredar dimana mana, berita pinjol banyak, hukum dimainin, judi online telat nâ€¦",1630,0
apocallepse,2024-12-26 07:51:09+00:00,"RT @alfian_fdn: @KhoirulAnnisa72 Meskipun naiknya PPN baru per 1 Januari, tapi pengusaha sudah ancang-ancang soalnya semua biaya bahan bakuâ€¦",323,0
nana_gurl42,2024-12-26 07:51:07+00:00,"RT @kiissedbypoem: Mau nonton dikenakan pajak 12%, mau baca buku dikenakan pajak 12%, mau dengar musik pun dikenakan pajak 12%. Niat mau hiâ€¦",579,0
YojiMas,2024-12-26 07:51:06+00:00,"RT @CakKhum: Pajak itu untuk menyejahterakan PEJABAT bukan untuk menyejahterakan Rakyat

Ada nggak pejabat yang rumahnya type 27 atau 36?
Aâ€¦",3784,0
janwar_moc24930,2024-12-26 07:50:59+00:00,"RT @Y_Radianto: PEROLEHAN DERITA DI 2024

Sebelum memasuki 2025, kita invetarisasi dulu derita yang sudah dan akan kita akuisisi, ya :

1.â€¦",1286,0
novriyoung,2024-12-26 07:50:58+00:00,"RT @CakKhum: Pajak itu untuk menyejahterakan PEJABAT bukan untuk menyejahterakan Rakyat

Ada nggak pejabat yang rumahnya type 27 atau 36?
Aâ€¦",3784,0
riedwanmuhammad,2024-12-26 07:50:55+00:00,"RT @aripakdheee: @ARSIPAJA Saking gobloknya kaum 58, bahkan untuk isu kenaikan PPN yg harusnya semua masyarakat bisa 1 suara menolak saja nâ€¦",34,0
